,1,2,3,4,5,6,7,8,9,10,11,12,13,14,15,16,17,18,19,20,21,22,23,24,25,26,27,28,29,30,31,32,page
0,0.4148341134582112,0.6901612773882095,0.6168828897835358,0.07698361121788833,0.6751824606763606,1.0,0.7736669312931084,0.0732379363161966,0.6823758975427328,0.8022689702326857,0.4570663744810286,0.5476725400494589,0.4443592983132731,0.20609779566299608,0.6842546722336147,0.8871547141359047,0.6106469924176066,0.0503812860116178,0.5909621481906764,0.6638540777831498,0.5646261781438804,0.5708965321117357,0.2863623635754096,0.30940884207118285,0.7437874664926375,0.90520887879994,0.6078525952883868,0.10947973225825071,0.7204510730280843,0.8512471644935847,0.520744779230909,0.3338458798357364,1
1,0.5923566928295639,0.6159963972704993,0.8218067005373643,0.8159499460458215,0.5707734176102304,0.5326157585277248,0.6255890228946379,0.8473167452526527,0.7520568621566811,0.6651237862318419,0.751210515474303,0.59184403262984,0.5894675224405034,0.6430646426696913,0.8600201840089394,0.9052149965807599,0.5514627592814848,0.3953170706920358,0.4968767388805208,0.8799707019031487,1.0,0.675046810811693,0.6107591300654884,0.5726928797856428,0.6953312905767985,0.6927756805514357,0.7902570848569268,0.9357077098154021,0.5975464960144955,0.41295257762751214,0.5670244954568396,0.8206197296880229,1
2,0.5614154934402227,0.5582540930635239,0.8776032691344338,0.9799739710106304,0.715844895050271,0.6452034394235989,0.7540829481760681,0.8682334964289565,0.5877249316106445,0.5094304491798183,0.966876084690018,0.9343895989616634,0.7790316451035822,0.5500355424307098,0.5947554291354687,0.7973779169305129,0.717395925098513,0.760081111183245,0.7840715478969511,0.9154133796362417,0.7951170860804821,0.3559401840958983,0.6320649645232538,0.9421457384351025,0.9691297959560772,0.5927532012762544,0.7219001733726889,1.0,0.645299290053343,0.49787678399063634,0.6921765731546556,0.8016224602508586,1
3,0.6478326023993998,0.6277874607826489,0.8015795430135222,0.8524341632113491,0.6798944882735225,0.6967602933048074,0.6965736889034926,0.7055339932762896,0.6193614895208903,0.5334515962767575,0.8608736979631648,0.9258875781377172,0.7762712636798643,0.6524322364013292,0.5288067901007161,0.6851559341659517,0.8174884442108561,0.8522902799424177,0.7387776632543585,0.5178724840746838,0.7427369552694908,0.8461908200044096,0.6748330601088114,0.5566241514220902,0.7501155882041207,1.0,0.8325136520531936,0.540716594643174,0.6895592028184536,0.6825272421954268,0.6819071358993829,0.7537139035555044,1
4,0.5578252763143049,0.48698078771002873,0.8054216207204281,0.9433283375046779,0.7411563979088501,0.7225088719934222,0.6407282255249581,0.6722041738043978,0.5079649093730186,0.6306847928725494,0.9413934802336623,0.7580954743617748,0.8008262831741466,0.6530269803774125,0.4620440477850087,0.5902141217457092,0.6996583296568122,0.8916457781263031,0.7299069023052224,0.8054517098883959,0.7538466966895524,0.3607414994638007,0.5611264712320269,0.7402741118857343,0.8822988580629612,0.7651163536219584,0.6813677983040671,0.8211873514036213,0.5300031353349768,0.5128527381002932,0.6010145893943558,0.7487326903399872,1
5,0.8618559993963517,0.8788566305677431,0.9050479551636912,0.6202516378365288,0.28620095161372827,0.6064122403048239,0.7814036182443986,0.8884284689198505,0.9522472665806552,0.7558354920156464,0.7246859382163298,0.6074777574415927,0.46234914030185503,0.4921785696070728,0.601721142456775,0.9453140686668547,0.9142740382642648,0.692540826983581,0.7474094574972796,0.6168306677378799,0.5164171729287368,0.4075756239174235,0.6410539242318922,0.9999999999999998,0.869239392865423,0.811585679010404,0.7654519915599033,0.6041982772739923,0.6496633533483804,0.4893930404467944,0.6419494757096319,0.9645175771548202,1
6,0.7139726444775072,0.6392027874708494,0.9325529755396259,0.9442308264375173,0.5498008081613103,0.8500442432569829,0.9693950374074753,0.8754620131481897,0.6259910773794858,0.5388194642741604,0.8745364152461712,0.9536854723930169,0.9725651782110657,0.8146611890546869,0.4151030293206913,0.74367097816863,0.8544821160361386,0.8357556850667232,0.9519168055101485,0.6305815905888694,0.7535906926522582,0.8908144636701334,0.676226155643978,0.7059015059237097,0.8417799197733685,1.0,0.7770920747770664,0.5338496904070638,0.7864156606821803,0.8230575874647698,0.9959946866333916,0.8719549177920362,1
7,0.6604839267463931,0.6914369789203824,1.0,0.9003967579564146,0.457992206478365,0.6430956531262948,0.6166036258643831,0.7207349687050502,0.7482920136340075,0.5191590969861388,0.7060644373214149,0.754898055197399,0.8176656846074617,0.7011654188530829,0.3367582136015967,0.5914872861185516,0.6469508407118207,0.5595547041551079,0.48556396738451457,0.49677543926344825,0.7928643955071117,0.6383723532475614,0.441105758275675,0.6124400122572774,0.47563639672252256,0.6291438646091204,0.5257825367743542,0.23474932327973416,0.3696376349157443,0.47036064236818054,0.6466420501654602,0.6086373696664855,1
8,0.9115839032234344,0.8945637635945578,0.8687183722071274,0.5592260150727353,0.23593649660183116,0.5138687386719814,0.6707254973519376,0.7271858699222464,0.869229923569918,0.8704767959949805,0.7368070827363251,0.658952435089211,0.5297600137061377,0.5642451372554204,0.7793967677020693,0.8659120627223704,0.783707634620099,0.8194380380624252,0.7514648724869529,0.5363501572846683,0.27485134909557646,0.619572915491739,0.8738003631248867,0.9558915141356448,0.8808694515443996,0.8157413027417969,0.7671726915302531,0.46286879818607707,0.3601474086840096,0.6019725813436573,0.6501429748987461,0.8088327566063777,1
9,0.7264980444864922,0.7412160764224289,0.8322590885039943,0.8126359544175613,0.6695855270406916,0.8001642797046671,0.9492760966103253,0.7994165302128252,0.5751051125037163,0.6097790479425088,0.8747556842472143,0.9589621207365443,0.6816465115323502,0.6493967863740786,0.8393940899054513,0.7517084490489899,0.6651497617898957,0.7120686378200569,0.7158255201248298,0.7507168917521655,0.8156904265739285,0.8142659910298627,0.7473623080263486,0.6645980831013639,0.733067535987453,0.7834085534756416,0.6640912573419943,0.8152578913449008,1.0,0.7508890385132705,0.5389073084748354,0.8459641232913127,1
10,0.7716105919316558,0.8381473742112087,1.0,0.9602537659724283,0.8640161290498994,0.9259815909356746,0.8623326471988855,0.8393907097334579,0.8479730430441629,0.9044855499982326,0.9320306499405816,0.8756215649413672,0.9515182898943089,0.8874373505997348,0.7815404694831588,0.813075283115979,0.8809446335626865,0.9655656780968611,0.8764668594849342,0.8573883991593823,0.876157376184176,0.791206201715391,0.829893456712136,0.8425207473969303,0.8939861130917115,0.8998451946517442,0.866347363059651,0.8888528325648505,0.7807081526899764,0.7812250588288409,0.8342227090675364,0.8673347607198556,1
11,0.6157503021241059,0.795527489957471,1.0,0.9361725248194835,0.6726627182150957,0.6478879753255319,0.854389362243122,0.8654970320373411,0.7445395089552124,0.761465122551041,0.8126329020135278,0.826635332254679,0.8764548745857316,0.8309377620160658,0.663748137294617,0.6951552527656989,0.8574962937501881,0.8314185016423029,0.6819145397495717,0.7270531051520849,0.8851841592855696,0.8647410562393819,0.6894546027628365,0.6642720898222142,0.8525973315955419,0.9348244911438056,0.7672435259941828,0.5486976728071097,0.7019674138212516,0.8705167478472653,0.810783281619984,0.7404501031416726,1
12,0.4582356532889943,0.5934719255248625,0.9722056139062709,0.9999999999999999,0.609232316883523,0.6948787908788844,0.763977912771228,0.7499705635363652,0.7888011861140366,0.6085667593937975,0.6157421028547194,0.7539803140734281,0.9451734789039247,0.9012706526119425,0.5344156936246685,0.6296592263677072,0.7144309060048566,0.7302493199042212,0.7625221023945329,0.6317854560098253,0.8900567978220136,0.8175557918670461,0.5915238193885671,0.7826549246726042,0.6319915760535103,0.6523014440784279,0.7505996372069185,0.6919942754427306,0.8666586199154978,0.8080343174112594,0.7158440168432121,0.6989430288813295,1
13,0.7314824429511387,0.1818845044819223,0.6517445956260854,0.661968454664769,0.13276884863279553,0.7153270673808823,0.5889296757533412,0.5625401262631039,0.47039727076211973,0.14604241793598716,0.7257313493982422,0.4400883176692687,0.5044421280227227,1.0,0.08961507929469324,0.48235488139367094,0.5167024488444723,0.27209842629848535,0.7286731113117322,0.2481240303543409,0.7605182178133247,0.6129479718425278,0.1948075492840838,0.5793024618983048,0.3644058949224601,0.6248653748121764,0.772646277478009,0.29134058920764205,0.7799972371822865,0.44643607056411255,0.2449698318375946,0.7885979147032479,1
14,0.6349403731757761,0.7876097001817804,0.9999999999999999,0.9184925050405873,0.7020895086079584,0.762742385920132,0.878276986359128,0.9201959818076315,0.7796158891184328,0.7056177968767675,0.8216519075772986,0.8822403766915289,0.9327381254717784,0.8015404292617758,0.6902869829849607,0.8075624378614821,0.920286939199332,0.9301531581596759,0.6922009504069785,0.687955945809777,0.9558474198613415,0.985500473338279,0.8223897901562832,0.6173675744372316,0.8154398585243041,0.9902334981570238,0.8576445172159278,0.7087804555843588,0.7437230310235964,0.9425879723923142,0.9589865489572518,0.7684395402871577,1
15,0.7269982546152085,0.7121728571429621,0.9000500101102167,0.7294291624511725,0.45404513067941876,0.8352732618051358,0.9477217240861034,0.7136669029771453,0.6934270439757417,0.4791346417937256,0.6037314249375408,0.8600088830186521,0.8497958949599971,0.9044551168951701,0.7903324094440265,0.6320004234197016,0.6453722011434185,0.44004492031384357,0.6375470317455157,1.0,0.8678046982392135,0.68980678459125,0.5530634911277363,0.5850591007908112,0.769623043033326,0.7461217527119005,0.8761005220235595,0.9061536402590246,0.6446594171201769,0.6306663453196648,0.7345877162936848,0.7120137236496852,1
16,0.6246380425244208,0.6544941895110934,0.9594350000749688,0.9714507755219973,0.6256108448639497,0.7458068731209606,0.8573355306500964,0.8093411135549161,0.7320448460342127,0.5529760983976986,0.8276640785094368,0.9143262979045016,0.8916356674205304,0.8862164856873692,0.6011420890579752,0.6671545139798193,0.8264579514950415,0.7844372537249368,0.7340187035118243,0.6570845617655034,0.965202663476122,1.0,0.6686478462359766,0.6849810959177957,0.7192632291835177,0.7592853486599475,0.789699420226683,0.715000128276638,0.8032332845045588,0.8532086329891754,0.8525743006630929,0.7589343638368201,1
17,0.5435447357265437,0.7470998499586908,1.0,0.9763159501885061,0.6959527065664091,0.5133320841651522,0.7078992192284568,0.9197253779964283,0.9035308296174348,0.6974356670159741,0.5629452675928804,0.6177435696231802,0.7318966117515124,0.7297805843294325,0.6004324224583046,0.49388942115662166,0.4892506161996692,0.6044831718500762,0.672120523753099,0.5774600737026098,0.3912310801116754,0.2414516446000813,0.38850894425863636,0.5149190989519075,0.4344882357615377,0.25056539626264845,0.1626176664483861,0.3099593395082312,0.3582993799634684,0.20506471799355724,0.06597834638826226,0.2736888211825926,1
18,0.8147556425891935,0.8372075810360664,0.8768411725403167,0.769132643420302,0.7325231145042023,0.9037232187953765,0.9716456429870558,0.7393730030814043,0.6863450222815769,0.8931292383526618,0.8122455224694126,0.7346965406823591,0.8206745212975435,0.7492453778071392,0.7276897727457519,0.7888321014737399,0.7530093593975059,0.8321053301709596,0.8233600030339536,0.587279346303018,0.8351329268871192,1.0,0.7643731344043277,0.6276881574410975,0.9308529389997612,0.8058356804659997,0.67625289281861,0.9618777284560743,0.943666293013823,0.6446318304504849,0.8530303301842472,0.9115417203503549,1
19,0.6575684270615161,0.46934341828434145,0.7416791944102998,0.8888446333373714,0.5783438976701165,0.6948734921360648,0.724771232180108,0.7156350984654899,0.584667053332173,0.4635709299316228,0.8694518495181158,0.7496657171706534,0.657509379195225,0.7131248565541525,0.399150282201761,0.67300437153448,0.7187929044343964,0.6637148700367475,0.8433567149757314,0.641506069088797,0.6028798463538877,0.6160531723621192,0.6185410037892641,0.7692229403061352,0.4377350404839138,0.8381618729036749,0.9999999999999999,0.46810823186215306,0.4859018793029234,0.6023632236401693,0.7843443645077571,0.7809666795802023,1
20,0.8896130868262708,0.9463065577925504,0.9614301610744482,0.8527190331709682,0.7535033708696314,0.7725799305416979,0.8756335286309044,0.9711414263786233,1.0,0.9262976642287117,0.800522561657149,0.739378206163797,0.7799890246135013,0.8633885912102601,0.9362562767126335,0.9339278887774215,0.811338845718232,0.7141372912956928,0.8029846133086311,0.9366105827465184,0.9104941415811406,0.7264874971704035,0.735744293481706,0.896876520779954,0.891894435117191,0.7711594446188045,0.705629691315504,0.7395969010903548,0.8186052725816141,0.895006771544854,0.8733769248362796,0.7281739200020005,1
21,0.6171662798506801,0.5551126748183978,0.7915199442158906,0.9913406429794245,0.7822899834988719,0.7395803522800883,0.8127246431221782,0.7076115727213768,0.643672969267636,0.49970584512899946,0.760100054736996,0.9251015820108841,0.783871818563097,0.810219458275936,0.6998095094008916,0.5841464189247101,0.7124559316708198,0.6242737808151555,0.6842284981835517,0.7361075927940037,0.825056719761876,1.0,0.6975794610069213,0.3627579366386954,0.6126533898717985,0.7458017608251355,0.8429415920805337,0.7042575473099315,0.7256581628494413,0.9097127716749693,0.7069383563655175,0.5386972918857397,1
22,0.8213379745037991,0.8509769980212903,0.8919055790199443,0.7183405930110704,0.653130175724426,0.9157828743042968,0.9893002238095612,0.888402321594886,0.6848751437723661,0.6870255301913456,0.8093981197611727,0.8460644760747382,0.9486845222951416,0.8705581945909989,0.6611674704104926,0.6435799904563838,0.8610668464632351,0.9999999999999993,0.7886882740053875,0.6341984803364484,0.7830979332564606,0.8202031056323013,0.7604900661951725,0.7409190747863607,0.8814796681872122,0.833587890995419,0.5898015472842324,0.6791235498157675,0.8784397517012263,0.9159606983345393,0.760522528620795,0.6732122519683688,1
23,0.6120350203340433,0.5502604815653762,0.8166663376605293,1.0,0.6383585604563118,0.6040761622074489,0.8133396111052452,0.7555030213901754,0.6900611791750142,0.5249858308898592,0.8023980047424247,0.9367911915303181,0.7193928761073655,0.6831786152105139,0.5155170282615302,0.5658209547966148,0.9139300952576568,0.774898488353263,0.6891793186185149,0.7457430337945667,0.7114817336148528,0.7959317241507834,0.623966241233566,0.4580099061001245,0.826578408089198,0.9713387382845182,0.8075808683784907,0.5023460036564623,0.5320255679144197,0.8335490012151077,0.7077762177942828,0.6692821575536184,1
24,0.8589542788664879,0.7559827910713829,0.7614229830889195,0.6826933043260477,0.405553389154876,0.5615335612246374,0.6932935178515003,0.8855072279696327,1.0,0.6296373901552154,0.5585246780578158,0.686461835865457,0.579763158935288,0.6831904529138377,0.5484120742099553,0.7432006113405937,0.9916751522534069,0.6816302559830759,0.4936482353432359,0.6257952830327698,0.6220576117889225,0.7555657214699264,0.563555838890688,0.629475660003895,0.9327822481262068,0.8036422913320885,0.6011011564536671,0.507905400882951,0.4952151594024372,0.718474664910849,0.7337445049495888,0.6983458821876296,1
25,0.8218166737326791,0.888734058093629,0.9216568292903624,0.7740897490290084,0.6156225605072003,0.6972218246016552,0.8249624028993595,0.8978118453844658,0.9201366206457426,0.8493287532607572,0.8027714892106456,0.7634097633862643,0.6583309297668766,0.6066126854574353,0.7428783912022627,1.0,0.9795423250495447,0.6530833166285881,0.707143771868638,0.8665551566228031,0.7194023437416036,0.5510428006437986,0.6963129479115328,0.9621096465776531,0.8930774694549284,0.7019237709555284,0.8288526462993959,0.8216878559992766,0.6093870809957325,0.5529643344404666,0.7370017951928015,0.8741109461972172,1
26,0.7309287073448508,0.7383640349399183,0.9959591057971523,1.0,0.7321091651579583,0.83206236516733,0.8246631485055523,0.8834930451826303,0.8502370910450957,0.6729021525216335,0.9210211984704756,0.9215775775596048,0.8525748309482929,0.8025311774039021,0.6320637447688978,0.8715374678707604,0.8927913619210851,0.8108092559857635,0.8261658490204187,0.7083912625186906,0.8919201359969474,0.8750753563787714,0.6805070619996573,0.7292730523992045,0.7408782443149765,0.9581110263001503,0.9373035078377384,0.6148976658860594,0.6949279279243128,0.7491587285738879,0.8695327117314279,0.8594438318893501,1
27,0.6587117940096119,0.6196672044546113,0.9140412812245413,0.9832277077945394,0.7602378457632113,0.79482476780285,0.5930655643314687,0.6683286677313884,0.8801451360190484,0.8228851344469541,0.8864771454669345,0.7498155298394599,0.6895905123232883,0.7356315518738191,0.551758290827739,0.8348586035581298,1.0,0.8212030875953898,0.5763059694950581,0.4774181884054319,0.8583863328814872,0.9550988127515038,0.684169308208548,0.7212938630641009,0.7946027528850977,0.7759387862977171,0.6087105868361762,0.5197742437304144,0.9049825174937148,0.803670072964111,0.6678031256398996,0.7227211558830429,1
28,0.6731818675902737,0.7467682736996599,0.9443028469922662,0.9994535968883402,0.8879313100525411,0.867407914837309,0.7922159814112778,0.8146126093831171,0.8124798887922585,0.7100495902722432,0.7397131179765233,0.8153249553764201,0.959803298313878,1.0,0.7524922466469068,0.6005131294068475,0.6618497644934928,0.7797801405874962,0.7959660954469339,0.650285607442409,0.7746891213509233,0.8795079540019914,0.7789886808270533,0.6055185235314777,0.49286026969914204,0.6713146286357697,0.7534549530469261,0.6557989262938239,0.7075939776485668,0.7395460766708507,0.7471017999291366,0.6092742005397884,1
29,0.8804640008226893,0.5944847528573053,0.8320603844128951,0.9709810984508718,0.8265883167452085,0.8257753542543996,0.4751897034596113,0.7810599390415075,0.7792667314448841,0.7766561781776598,0.9253456795899594,0.5811389374821231,0.8232025773331713,0.9636359206913692,0.9365054570378551,0.7707777616761821,0.27698434712824765,0.7397074010582927,0.8880110630244417,1.0,0.8880204244272598,0.6135705910143904,0.8702005250385324,0.7979138364729557,0.9111698052568266,0.8501546631269016,0.5021356819937057,0.7168358310684335,0.8182840556750209,0.9805695704805514,0.7988136440805035,0.5924165861525176,1
30,0.7652163183012707,0.833354038057701,0.9899546965688942,1.0,0.833317504702119,0.8226479579725368,0.8772166337832261,0.8386158776204404,0.7015824437975212,0.6193089472628635,0.8061031949211728,0.9092489082539603,0.8235452429388334,0.7806543897211438,0.8263664183608517,0.7997503999935311,0.6098610157605728,0.45257589525122255,0.5565762364838694,0.6111491202735382,0.5790773880532125,0.4527973100313924,0.36009585186519993,0.41030029322908385,0.42624145803420016,0.40119583430193395,0.3546633651010512,0.173496706730312,0.33490111393309635,0.5042694770871337,0.3898238939495145,0.13527702823554008,1
31,0.37358972734650353,0.41869526916678723,0.7813117136597133,1.0,0.6443426709676551,0.6356785179668678,0.8498529668987482,0.5763265563673199,0.467145076028556,0.49263933986315767,0.6393816262298672,0.734026680455533,0.8247184078549529,0.9015484706042063,0.7092669485809947,0.3351531970901582,0.4061343659945126,0.6519819644042936,0.6914128968733655,0.8146156479011001,0.7023637285862323,0.7614099252177027,0.8859928158495718,0.541608919767724,0.23892096372636715,0.48864626009579337,0.7047276534961974,0.8252209166280506,0.8453354279323907,0.7152020463159421,0.6365209626088545,0.5799451469876657,1
32,0.6905706219606385,0.6377861684273683,0.8760922075266269,0.9059655384714782,0.7324397213122317,0.8552454482306302,0.690796963157879,0.6301064918836642,0.6741641855119852,0.6964321172145936,1.0,0.8312397841488235,0.6370386018473695,0.7431694331048827,0.6980011817919834,0.9126581497402873,0.8124703421603983,0.6959592475707818,0.8255607554700309,0.8006594809963761,0.8939855074119675,0.7778914612845409,0.5798913317587532,0.6696233470890581,0.738493072066975,0.9804922666272141,0.9341691257425182,0.5505933868578504,0.6332726301061713,0.7164443241028131,0.8898309850220769,0.8887373059222782,1
33,0.9027121577443505,0.44836652405202265,0.6950755532385092,0.8640480675126241,0.41107697358917394,0.7673735319663519,0.4446136721920583,0.6364638014443003,0.8824962916583238,0.4095686589583642,0.8494783888776787,0.5698418638059574,0.5648927278095308,0.9999999999999999,0.35278249975468773,0.6503379354462125,0.6711679033704522,0.569247430432876,0.9058650802562991,0.26975480146997766,0.6968114182794871,0.8656574103781614,0.5473188984005757,0.9096769509790897,0.37478138942731404,0.572630960914019,0.869121338194811,0.4402454534850352,0.8075921336997115,0.4458665801867685,0.6237140352447054,0.9112902117952573,1
34,0.6020443023899957,0.6325969586170115,0.9322282664673532,0.9408924044371805,0.6710472130539568,0.857286507903807,0.8405565372173937,0.6653605375064345,0.6302624286417643,0.6083038888737471,0.7948736736158882,0.8270215864141534,0.7840255608781054,0.7392387852456261,0.703249825773432,0.7706743193802714,0.6034032520482221,0.511111354206354,0.7024933993923678,0.8534190513034796,0.9467520631910215,0.6579392480200755,0.6022706316097539,0.888468343323841,0.7179888310525997,0.6269257602424316,0.6801312736331324,0.7989691588300365,1.0,0.8161117093677119,0.6941610730769464,0.7614781977361657,1
35,0.8140654698630879,0.8027169026727405,0.9137012339001956,0.9408419281309442,0.8244065923926701,0.7909978081574922,0.8008822004722957,0.8995635608224047,0.8439651392103095,0.8471054540362121,0.9117277176560912,0.7659596155063039,0.7852729839672594,0.9081845595944265,0.979405352201092,0.8719224321090832,0.672813110663542,0.8081442990002627,0.9413663623690193,0.9781302417738087,0.8813541873139592,0.6688160667894884,0.8074317777122901,1.0,0.9765810394301265,0.7186509447544775,0.7025080606861966,0.9623947653203565,0.9445468725065872,0.8664133986290085,0.8005083133457214,0.8210420517915269,1
36,0.6539455006424175,0.5958285954131467,0.8530317602600721,1.0,0.7616562937556257,0.7925292374299248,0.7747089548305661,0.7034263112994008,0.8135304365964482,0.5793610665553776,0.7157980430677404,0.8893824217595038,0.7917587925544596,0.906796399960278,0.7542537480021495,0.563031502856949,0.6548749183802762,0.5985689437152854,0.8531714501239657,0.910308045454592,0.6336310671382327,0.7784609049387954,0.811007364477911,0.6390087444591825,0.6526435973019654,0.5261646732147762,0.7763599996052664,0.8602849472182217,0.6388056777058235,0.8180058981997209,0.786286175150239,0.566910389253265,1
37,0.5961240603896619,0.5358440021891588,0.8669229784993234,0.9650999687254822,0.7739551505339514,0.9835534202958154,0.8374414070188352,0.49352447944056343,0.5894821384668866,0.5623772759427654,0.8888473147209055,0.9564364739566377,0.7458682125324478,0.9248775539104417,0.8110027408755672,0.5268035538755828,0.6444157083015805,0.5385127961822597,0.7956933812939527,0.8684237908326964,0.7875155174992143,1.0,0.761385642456169,0.4210560017145565,0.5590971482281468,0.5147037356431797,0.8262837584950061,0.9451427837734028,0.7382993779031457,0.8443449634342649,0.7541306008966702,0.517558831909234,1
38,0.65634164670944,0.5611694586668994,0.8509709725304152,1.0,0.629583543466841,0.6321293519944874,0.7863858133493189,0.739865966564653,0.6353485927726843,0.6052852762279727,0.8210934813955632,0.6148267434929626,0.7140933075553746,0.8749604178874079,0.5333605778585717,0.6033612116802155,0.6890540298293827,0.7180261660276125,0.9060855807052391,0.783375454459898,0.6440395381501663,0.6256817084056813,0.7621228143994512,0.9397215233519555,0.5810156409655718,0.7534024337869214,0.8808799462985164,0.5755691570893693,0.7116399942154134,0.6472088311280468,0.6290150974329103,0.7434165048503721,1
39,0.671154779424695,0.7595637677818599,0.9742128815093605,0.9457296548671877,0.6288742707418651,0.6213444321700629,0.8477545401466646,0.9524816109085985,0.874028162602049,0.6883920728158227,0.6846316425216382,0.8130856611983602,0.960825115414709,0.9259235442108288,0.6657923775950005,0.6555404262634774,0.7637652668359066,0.8956181284095982,0.9672508483701253,0.6860307377950267,0.6027494157018985,0.8986779391267996,1.0,0.9000372382296384,0.6102347669859012,0.6309879646420161,0.8916925472149146,0.9823938353040095,0.8927294258782366,0.5547253408534738,0.6526344500735668,0.9438894090195536,1
40,0.6342440535022426,0.61865350622693,0.6361007934129285,0.616038414942243,0.6532271900830754,0.6696000681400806,0.5510604479929101,0.712044809367214,0.7107448362654973,0.5332504001098528,0.7366676677558222,0.7120254604276898,0.5994142278718382,0.7339856411918677,0.7146975801723283,0.6949692146886755,0.7016475958276398,0.7265271368833408,0.7538060855107432,0.7266378422334788,0.7453477943857867,0.72702333790556,0.8286379792351785,0.746136258264011,0.6734333487016637,0.9505520749487691,0.708184754261671,0.6878117951557932,1.0,0.6492277282891851,0.8154767661448443,0.9471838866109401,1
41,0.6969002736902145,0.7168984681465547,0.8402429213848412,0.8684910443541499,0.4888834713931453,0.6812333315721062,0.999898304819177,0.5602731343737725,0.49361476849425706,0.9519894396405372,0.7207033339808289,0.4921736177298739,0.8413478100085153,0.8060033296726047,0.6316484270416862,0.7759962107955992,0.7392856124849964,0.7237331387021567,0.8732235826504253,0.5861352218172595,0.647333930147988,1.0,0.5986493652883298,0.45866514863091434,0.9947248115155092,0.7867786504103034,0.36603954773168446,0.8540501884059547,0.9039112647152479,0.5141890599616467,0.7541757324879023,0.8419961387098617,1
42,0.7553626096705693,0.8321195768762107,0.8442173626493175,0.7555099433624546,0.8733932842909057,0.8592962850831045,0.7558223196909002,0.9121376033594674,0.859110496350219,0.8399681500832998,0.8959649523062829,0.875682552961381,0.9529464039450108,0.8564918187473732,0.8697609814353374,1.0,0.887383633665892,0.7641888104943325,0.9978829124038101,0.981923987490485,0.6479204533369861,0.9094558079279832,0.9974776395026048,0.6743939635359176,0.7134620809063934,0.9505630982121538,0.8161286969376622,0.5143520737822599,0.8518069009844159,0.9185195165406609,0.5063139309870621,0.6726010386611628,1
43,0.8129559291238204,0.7187387456586969,0.7183500700931594,0.8127910821766247,0.7122711309526969,0.6688508438370407,0.8253276649096073,0.7636522395559084,0.6428138623526968,0.85708407150131,0.8634615863548235,0.6111381102741176,0.6692485916130362,0.8193187143438612,0.7119630138131852,0.7086003866458906,0.8874493604197093,0.8332572388166312,0.6760389500555438,0.6261054345852706,0.6261271713213267,0.8266819987537952,1.0,0.7710049990833444,0.4775482664718575,0.8799792790087402,0.9999760996659955,0.6919153935787975,0.5592971997706633,0.7503869192146856,0.7748892883623224,0.7622633896635467,1
44,0.6893534606701338,0.5438897120293645,0.7252665219207902,0.9134648615558502,0.8090567307596576,0.7466103772065501,0.6635933928018041,0.6871887226225052,0.7071247424180657,0.4455656310790828,0.6125482317768471,0.8706380377053538,1.0,0.8651675066400879,0.6147529404992121,0.660379978613357,0.5236281309858223,0.469045126169041,0.7043834036216613,0.7261479058928737,0.8559666769261283,0.7475054422654718,0.5898870747385291,0.5998507053358243,0.41422417038894116,0.6650089995128055,0.8566443606436721,0.7027282503761841,0.7220207125338982,0.7916833532103703,0.7932502507868548,0.5627431591285035,1
45,0.8208333757565326,0.7616463805888781,0.8963940568737683,0.8641072212323093,0.7370245704532661,0.8165679051855934,0.6565297280377409,0.6714494504667965,0.7891173011869677,0.8340181364725585,0.9378731411898714,0.8225169189429605,0.8768139547756734,0.9242955538846308,0.7326657487621933,0.646138158608819,0.7312062418037513,0.8373008069132447,0.825421342725074,0.6118446416382683,0.7454124502898303,0.9999999999999998,0.9707336137926698,0.952525234589282,0.7672683400182491,0.7561951839489954,0.7314479366987944,0.562078975634285,0.7306205519960141,0.8099564594688824,0.8675853164740304,0.9405872647313813,1
46,0.49415296336850206,0.5589658371930527,0.8808409443039029,1.0,0.6919592449489309,0.6718723498963074,0.7665090245057554,0.7243751300105267,0.7766452070788129,0.5300566859358744,0.6424875519054867,0.855893834933704,0.804322561015353,0.856573257764308,0.6842583368600673,0.5458924349011193,0.6976674965609899,0.6322515930786788,0.7622375959426406,0.7674944013458329,0.6721905483677771,0.896788176235132,0.8246482504097499,0.5684692659882032,0.537147481954467,0.5382650471465887,0.8220292806656319,0.9282869809271381,0.6819848010055717,0.7291064261067935,0.7231257878874833,0.6150108690231469,1
47,0.7799823756081603,0.7699333938532937,0.8199376968448621,0.6974827283520115,0.3658920387837769,0.551005861416014,0.7874927245117951,0.8457644551764666,0.8432943730923272,0.7495544090769342,0.7272647806470351,0.6464936497018197,0.44163882483826566,0.5859508418179669,0.6844816566412322,0.8266762287715739,0.8640193304470865,0.6461444889650004,0.6858224902741747,0.691017064793096,0.4742160365972044,0.5835171968603574,0.5748969842236978,0.7433944790987252,1.0,0.7163139813950425,0.5262149902833491,0.6312384113214462,0.5183161086720027,0.6219720385526682,0.5874474204271165,0.7099246712464223,1
48,0.6589360345174831,0.5984330928305952,0.8311462580051759,0.9327887435957531,0.6209655838950422,0.5321603465571532,0.7977085548749722,0.783049855110327,0.7407279957292202,0.7051506207513775,0.697905350914398,0.6234540790405776,0.7439324902779322,0.930836288059023,0.5627159291595,0.566552619180973,0.9315033468334567,0.7841241994497622,0.5642053800927244,0.6979608030581282,0.6974880178153293,0.8279006370120997,0.7770618502719897,0.6142427547987046,0.6329233109976191,0.7560710994691786,0.8059827312353103,0.6851013092782974,0.7095115999587698,0.7823717401875674,0.5468834582384531,0.6712117960787312,1
0,0.15366542891835397,0.7250875838379994,0.9999999999999999,0.6519330952403827,0.03643950387559649,0.6426596310668153,0.8718866183625027,0.5328214900365281,0.29196783237883966,0.732212985687695,0.8011333701079433,0.3873691796394788,0.392981986203398,0.8333095834922436,0.7655177154622957,0.2174820435190365,0.4659234339749887,0.8531071392895134,0.7296186662165085,0.24306761220309178,0.5201729559512922,0.7599712608612398,0.546839265028007,0.22785098666587203,0.5031987380722028,0.6549970209019222,0.43361524823566977,0.4281096475488417,0.6515110401847637,0.5915118996510305,0.30887643442431306,0.4914166031569791,2
1,0.6086242444113396,0.834540317640452,1.0,0.8092786850122825,0.5832874549017909,0.6933937395152081,0.8123037535668491,0.7684293029704704,0.7061728948128211,0.7202402880323239,0.7167539001129279,0.7463067485598602,0.8423064380820662,0.8200636945517153,0.6590361117234458,0.6848345870551682,0.8368671217426519,0.7742749141310784,0.5360061331110871,0.6024718837437765,0.7751674093877909,0.7165695854763117,0.6050806315239384,0.7112910988113602,0.7253976822788016,0.6446750338028928,0.7570535282474243,0.7681440619693863,0.5520962487699365,0.6128884603741261,0.8090622015050851,0.6533513954633807,2
2,0.5554442934751649,0.7937834267694842,1.0,0.8085746703736382,0.49914385807735384,0.620666141941253,0.8390624472184854,0.733892461913741,0.5583794442227263,0.7118576981357259,0.8324925226909291,0.6419268025543715,0.6802558705383369,0.9156931282690864,0.8016274374036102,0.4784661473035077,0.7432605227648432,0.9168991938493073,0.6466409329692678,0.38898362442878315,0.7416644667233854,0.8603937898370244,0.6332336810711813,0.5649371252523133,0.8185118187322447,0.8149113624674807,0.6406121806607094,0.7026310762330125,0.827368970790936,0.709775913104013,0.5645003088372007,0.644913672186813,2
3,0.544047312409526,0.7240749175554089,1.0,0.8795938717876421,0.5342974650942497,0.5946707826768778,0.6836782827088356,0.6689803787017803,0.6363004521331552,0.7160338059315923,0.7978229895940977,0.4618547665077094,0.5026241925825666,0.8988637716009642,0.7936643248905303,0.39759195570096595,0.4240936917697055,0.649555202085822,0.5701546316724073,0.3613083828511194,0.5863072452345266,0.6055924615705537,0.3183754492213175,0.5447325293235773,0.7247683964285554,0.6704771950011659,0.4337619961194827,0.4701962984880114,0.6905813233989083,0.605852908276515,0.4899304139728656,0.4995885303163638,2
4,0.6279448026013112,0.780829164149159,1.0,0.8223790734297497,0.5218801443098571,0.6757830529115965,0.8299805301053621,0.7986707852410078,0.5910962569525716,0.6098349535082579,0.7542123599551128,0.743562735889252,0.7264118837472625,0.7769643073494782,0.7335208553401519,0.4942289043783585,0.6907563006135363,0.8689826237686614,0.7168065455592395,0.45127854123195227,0.5850882061470327,0.8245834273234276,0.6324932240307876,0.4721879559525981,0.8074083610888442,0.786104593860618,0.5160025458684653,0.4332731350137302,0.7102910824696415,0.6965191949649783,0.4640968187564933,0.5576041285566695,2
5,0.6840667353415136,0.907680285641364,0.9999999999999998,0.5341205897462856,0.40626364396340825,0.6571477923432569,0.5981146121663126,0.6258188817779072,0.9029019233143467,0.8785171852744598,0.652501832928792,0.7843070021923304,0.7947776308761152,0.40435866594655484,0.38085369621547815,0.677510912786097,0.6795726132459582,0.5949520660964139,0.7953859458618077,0.859383917224242,0.621793247651198,0.7105782854113751,0.6846067390584252,0.4398409481775996,0.503957402715021,0.7722751812230496,0.7615756532119596,0.6844324929441641,0.9304626991976868,0.8860350683183814,0.5639681310716316,0.6007689737797723,2
6,0.5478694028472932,0.8258721239239774,1.0,0.7845566266628328,0.5533974949486821,0.6729350170208191,0.8272957024504736,0.7701126668314314,0.6560136515599562,0.6802388668660441,0.6808214648583135,0.7227951252180622,0.7229390701011523,0.6482033309438368,0.6540823562715045,0.6997976963471069,0.756405079999667,0.6816508942710172,0.5819177661485714,0.7122884301328809,0.7057417015185264,0.5141336449003353,0.5436551782338893,0.7099150242144661,0.6628290384972164,0.4692808719792064,0.5388157530343175,0.690955278333011,0.6238031249161364,0.5258191350981695,0.5377302906673461,0.609130596654742,2
7,0.6477571087330045,0.8357620189931393,1.0,0.7682885297927837,0.5186457127025323,0.773090935857964,0.8619325379332784,0.6565287287472122,0.644841916349666,0.7111656653516312,0.6649603690579127,0.6413624633393894,0.6826551919852318,0.6668005848573795,0.5345538689433365,0.5870448054824794,0.6848504720198053,0.5208786455587127,0.4211313470739261,0.657214840870452,0.6732542362776609,0.5010105403291889,0.5115827942161738,0.6982169976839606,0.6235383435216851,0.3791209362542264,0.5190811567487394,0.6347579401174539,0.4847337808256916,0.48469348834554965,0.5947277450417728,0.6081436784254982,2
8,0.46034555084254686,0.7936274838446877,0.9999999999999998,0.6855291297944317,0.4892001751776583,0.7349842846004541,0.6522415597215793,0.6302704505838604,0.73198298805432,0.619947343724375,0.46695293883604255,0.6804046687139108,0.8889044832048606,0.6134417464096357,0.43334669981293955,0.8127899196497665,0.758335020324753,0.5342723472305043,0.5783225920993655,0.6471043767489998,0.5739125518708343,0.6405394619771536,0.7299092081640747,0.4845116643982646,0.5007716686662207,0.7774595426566783,0.6858507413719065,0.42257695440950327,0.5867730834343309,0.7869046995175026,0.6170658811252968,0.5410294931889444,2
9,0.44843624187002035,0.7484604681090528,1.0,0.7742526695829097,0.4067748759070837,0.6074470492615888,0.7662804940603063,0.7101637775593107,0.5453646170441522,0.6177951522996484,0.7066413542189106,0.6168600718501325,0.6711513131550351,0.727758889309116,0.6034420007578518,0.4715827399464211,0.6332534959727316,0.7711702190960301,0.5431750478240578,0.3158051171585995,0.6264155755067883,0.7490028376165162,0.5747377950673505,0.35850786357734027,0.6412903215915348,0.7153999684018398,0.4839036324720382,0.42507703577396855,0.5732623116743256,0.5694961478064884,0.43106977063316904,0.4795514908956822,2
10,0.5677525557433301,0.7837304977283798,1.0,0.8160642589226518,0.46607722676066216,0.6234998588300877,0.8190651060138701,0.673619957986148,0.6166756531252973,0.7820296548156622,0.782366884979663,0.5957398026259224,0.6110208722933806,0.7710243544678059,0.6816851199936483,0.39885476564187883,0.5222038128916371,0.7080001074856866,0.6237808028956328,0.47272607868518124,0.5693394287939144,0.6517427256099427,0.6096384194153701,0.4644245249692214,0.4988369783058615,0.5259949884016566,0.3603985935412527,0.3752798662266172,0.5718819181265831,0.48480224540543543,0.3021819580147499,0.4996185101477499,2
11,0.6093247170321041,0.7967212600558244,1.0,0.799473051140211,0.447300675244991,0.6981280551871444,0.8575148065083571,0.7491761431083079,0.6430841424150033,0.6413703424668848,0.699643746651801,0.6530413087478876,0.7428395418680402,0.8142402982265992,0.6613118470542925,0.578021294873007,0.7006135584855487,0.7712122947873932,0.6454901992113127,0.45521893889273013,0.7519003307679597,0.8261007987246174,0.524309091176411,0.38274779845288287,0.5806501524636069,0.7041980359846368,0.584231398584049,0.4898505747326764,0.7019469966855255,0.6762911880272363,0.5341365725521705,0.5311762256822217,2
12,0.5678168885089088,0.7854943950529998,1.0,0.7880037212549011,0.4547215349239475,0.6803018971186581,0.81460191343252,0.6564789958854783,0.6209869372576856,0.7634722300264144,0.7206487416970453,0.6027107064056163,0.6562707241799617,0.757898161757066,0.7139174036040914,0.5647901791239495,0.7262902796908671,0.8295144712136033,0.6727875438900494,0.6243828047131645,0.7103073366392763,0.7391945286232962,0.6389733772764189,0.5449371564245198,0.7000496151229941,0.7861411246713259,0.6181405996641726,0.5479315835761092,0.793063410964895,0.7652468576957135,0.6024645862249778,0.6904956613708046,2
13,0.5849661519575121,0.7641022433882979,1.0,0.8646986394279064,0.5472707212954084,0.7643011347598615,0.8693298363458012,0.70193737344392,0.6576190647984114,0.6794535111505388,0.6912832875377931,0.6947365399248776,0.6948438532165607,0.7623811628199804,0.6977278066474176,0.5965444225096358,0.77508084903595,0.8112294806834834,0.6175602069026255,0.593902411443182,0.7673936286257345,0.8427904709048247,0.7367086457391107,0.6592204877461605,0.8384278344362613,0.8421566613484278,0.6251763930023879,0.6686179974705493,0.7946090168881459,0.7355420118886641,0.6175504292203177,0.7409982715776047,2
14,0.5624573644473687,0.761999446241616,0.9999999999999998,0.8194870205726381,0.5387067012241874,0.6776902876545761,0.7471526537846769,0.6875749178932037,0.6715345455466547,0.7268197874575445,0.7387238454109176,0.5748088133119021,0.5847224445613819,0.7734557268821388,0.7722454394461414,0.5293953837340359,0.5606888258365769,0.6710736373799214,0.5995796268885354,0.5229072822839851,0.5569726480779509,0.5940454554065585,0.49271447845276944,0.4160225650856481,0.5793041244132638,0.5247033743602664,0.36452469874670856,0.3933690860750522,0.5302216529541357,0.5431891431844482,0.38950709116088317,0.4441199050506494,2
15,0.5145131064409685,0.7602697028684477,1.0,0.8323401206389902,0.4375785259022084,0.5947136444204534,0.784718866951843,0.7115273995709496,0.5974721416857106,0.5745304261847887,0.6204734273161453,0.6297415171488456,0.6639902858592137,0.7215688924999132,0.5390530664196489,0.4316372215766878,0.6892258888534994,0.744851574207306,0.5309955633634549,0.40439447566442766,0.6880626196779741,0.8270844178106033,0.548696179349306,0.34995760343820403,0.5869184961220029,0.6535540174516132,0.5354395492200476,0.5289049009471635,0.6760661167194407,0.7468117914616321,0.5994802683039634,0.5822114004562188,2
16,0.5868306855635399,0.8339190632146396,1.0,0.7869301884468519,0.5513934028070137,0.7013420257586214,0.820000289172135,0.7225670774497366,0.6427043649894179,0.6772379788323013,0.6425985653673987,0.6258955706685961,0.6552073554944949,0.596667822704979,0.5054191883557015,0.579499016995965,0.626418285198693,0.4838483567104601,0.4269465092689785,0.5845671698867565,0.5935542639219576,0.4362291456301191,0.5065842559845289,0.674466413229911,0.6232853267650597,0.46001355259056675,0.5745252413769371,0.7305116795420574,0.6738231418716795,0.5709431112659551,0.6137247454487426,0.6750726249194458,2
17,0.7462003689745277,0.8640112972425724,0.9999999999999998,0.7191299248659728,0.3608419239019099,0.5220449399405679,0.9014099684914899,0.9524931169119669,0.6128794464719467,0.6016150073682326,0.7566707590065972,0.4913503613742716,0.22892098303619102,0.564392229139296,0.8122040213441023,0.6278803658518085,0.41017597039578,0.652614804840207,0.6488460791684293,0.42285080942438197,0.28661476795911783,0.5249177565087256,0.7042121950174612,0.7065673056983767,0.409868933245466,0.543353610255067,0.7228254531069428,0.5852171523147807,0.41431869994348824,0.5167655858704928,0.7869917151728847,0.7440433805001502,2
18,0.5359110550109056,0.7730877594277463,1.0,0.7969665702326302,0.44757114583115004,0.514052661020993,0.7562863706019188,0.7076285757653533,0.4836301960969503,0.4956778356764607,0.6458614784852593,0.5995538055239356,0.5287447213069931,0.5442242968297659,0.5793068964347365,0.523057936053652,0.582007094572611,0.6923196029536511,0.628129985786155,0.5371478107871449,0.6621873187175971,0.7870561456753186,0.6268809003483358,0.458319950924034,0.6691298657316747,0.8036014300699741,0.6402904965934809,0.4728506663368,0.6755983076739589,0.7817637319400523,0.6326263913488056,0.626869627118879,2
19,0.5441862468624724,0.7662272497435236,1.0,0.8473324415546448,0.5465097882010721,0.7360185312985911,0.7725376752405541,0.5437778250837261,0.5734780531151877,0.7570126322732732,0.729275437929018,0.4649998006686822,0.49936387137992244,0.8357783453306303,0.7054287119271667,0.3726092911121333,0.48655492706758885,0.6675350413975311,0.6517068490258504,0.5192682747159951,0.5678847525246203,0.6713358200749977,0.4512415640904019,0.42714825185511107,0.6966966608616935,0.6347673403057023,0.4520881032106673,0.4962230164637456,0.7010584657711808,0.7241249516223301,0.4896510025995448,0.5067772718284602,2
20,0.581771266133669,0.8061554654327564,1.0,0.8093364391701395,0.5130503679731951,0.7018053108216592,0.8708325891307827,0.7579821198373412,0.5108974450553808,0.557059098323895,0.7383895899754197,0.6649016551274857,0.5316105977448798,0.5802411788012757,0.6449144176501023,0.6176234753123636,0.555942710883913,0.5574353818198169,0.5280852907898735,0.5252788194008975,0.6487764616592727,0.6653211534546797,0.5722564265653277,0.6435045410886928,0.7566269314701234,0.7124741652742981,0.5796989927557263,0.6802402573638114,0.8308961071201602,0.738406849628346,0.6150572842934572,0.7514913137248698,2
21,0.6578540981499582,0.8104546062152873,0.9999999999999997,0.890250337082346,0.4885290506096062,0.43979977350594796,0.7392281328698087,0.7552532088274453,0.6199664390184842,0.544532528134772,0.6319365748833634,0.7683812596862991,0.6938431500859384,0.5466847157788546,0.6124077510969974,0.7109691308982437,0.5978126050145001,0.5351889994384633,0.597475112668432,0.6259088329902187,0.5907133279019339,0.4072404328730439,0.3997270116867644,0.5592705419423852,0.5129781814220034,0.3186177499722507,0.34121257375977243,0.5173618583505738,0.5685138255764074,0.4892976600902302,0.3526261848766598,0.4799576167438319,2
22,0.5675785456300844,0.7580605093005971,1.0,0.9081551144472011,0.6325071809679867,0.591021256661553,0.7075464877480886,0.7478585955378355,0.6989659376723314,0.6052141426535321,0.6885612139172378,0.6969190443140889,0.5342877601471989,0.6799309859815065,0.8853719225795189,0.7758536219776853,0.48877158877975113,0.5914594353741376,0.8966747197008601,0.8121504444884744,0.4612469087386289,0.5296261513952284,0.719829861218118,0.6827402934433073,0.5514925698257793,0.5574664171676085,0.6941820140630843,0.6258093129233606,0.46972456439804144,0.7801537020641751,0.962371986838532,0.7149230720900717,2
23,0.5528688330863599,0.7658389001071992,1.0,0.9070872578282172,0.5475488598476995,0.5394272840893255,0.8265850467245488,0.8588248252662715,0.5849659035858041,0.4864518810224327,0.729765709845696,0.7163259764293188,0.4942460098455682,0.4829302399111169,0.6829807979772079,0.6331871832877501,0.4624781324430551,0.5585541499079012,0.6551806075915279,0.5392390296209996,0.4459360296805334,0.6710189079362094,0.7081095429915621,0.4970990170666645,0.4194612253096367,0.6832330492637136,0.7823086988700041,0.5678103592736575,0.427150055041193,0.6232234572127271,0.7352679615150324,0.6118491555139745,2
24,0.6290913050080746,0.7734334062244723,1.0,0.7925623107485014,0.5138915402759838,0.8814015589748072,0.8577724363592396,0.6085794536599389,0.675087352713485,0.7511039949554505,0.7548046713452454,0.5729753150784241,0.6788068262481498,0.7907731805266964,0.5572217226512556,0.6733892513202826,0.8179910665391557,0.644287117680913,0.6873381000797968,0.8332409790360972,0.8558324722413614,0.7406217423302328,0.7755060019438333,0.9490721376559087,0.7996482730478592,0.6415946328813079,0.8359366547093046,0.8164972155588578,0.5846939766701352,0.5823256409513731,0.8167643594262022,0.7007088600333202,2
25,0.6001553196252736,0.7893812242223167,1.0,0.7996723717982033,0.5032662806275744,0.7501320291528168,0.8959916623820885,0.6862150023088263,0.5363395145349198,0.6293527936811958,0.7395719835892579,0.6738870926251876,0.5375139631375128,0.6346623380243269,0.62567323576903,0.558182872118217,0.5796171275550006,0.5526144353267037,0.49726557029414675,0.5529929847549293,0.6085704197726521,0.6455604166085998,0.5150224873535343,0.589972988931974,0.723680224871873,0.5710605980032238,0.37542553325173056,0.516898473467925,0.6649119291364576,0.6019587076576592,0.37794229512397043,0.576328238099282,2
26,0.5707829474665862,0.784426283155154,1.0,0.8385458926937663,0.5690297293510749,0.5997872165817846,0.7751436182561119,0.8059914550020001,0.6969388273101788,0.6685879754513682,0.6938763790657893,0.7255096722683707,0.7345695313465636,0.6733015660262421,0.569652372070134,0.5572642297373209,0.6588342010749513,0.705868064301515,0.5849132800593353,0.554339990116098,0.6884066670397565,0.748805846781143,0.5963894521177879,0.5319642967472354,0.6740317198452639,0.6857285397351914,0.5870518736125704,0.5361268783941131,0.6546172162468019,0.6741462541914279,0.6351191903730365,0.6400736258410642,2
27,0.5974341179805942,0.7765202888218482,0.9999999999999998,0.9052729585893752,0.5704655802726859,0.5880458493855476,0.8365963923137582,0.8496684843934701,0.6395619598129456,0.619059026308349,0.7877259234962959,0.7563798097277613,0.6000669573389795,0.7087533504178244,0.8688205248919755,0.7194678761204916,0.43929793475055223,0.716682718701341,0.9052884600331907,0.7296412737863661,0.4964302482841119,0.7042232583030353,0.8696370967510308,0.7246654359537182,0.5581871276962571,0.7274755063949395,0.8392483322495594,0.7054931600206499,0.5931733616004641,0.7609099879480582,0.8387373763622405,0.7304714982945969,2
28,0.6609684328058641,0.847861826533094,1.0,0.8071098806769079,0.5932435626332361,0.7587227952323234,0.8343978253930718,0.7735498394907692,0.7071934994784255,0.6956579503007584,0.7383945358349021,0.7456310206200026,0.7868103202689343,0.7479666362983715,0.633956410320579,0.7584953158577162,0.8510117518990147,0.7225416071379269,0.6239634972648163,0.7623549035181529,0.8698094211343641,0.7123075426991694,0.6545982678813623,0.8368494801225577,0.7662709328023918,0.6652553801375217,0.7514550983637559,0.7834881528256136,0.7096655096470624,0.6758729224810228,0.7626076602436254,0.7243672622648779,2
29,0.5907890559147038,0.7413522725549578,1.0,0.9185611871132059,0.6157655355136828,0.4996528231766765,0.6790410851918464,0.8060598865085941,0.6825550347934829,0.5062952602021251,0.4898355075672508,0.6523063163894367,0.5997586683549462,0.51199569438824,0.4395155816940418,0.4724911821013422,0.4860655700822999,0.4239606375949183,0.46865873628865706,0.5117296076610257,0.49663989304428563,0.44506692454891233,0.5722168383637596,0.6542377571421766,0.6847443810473944,0.5561799813422253,0.6365137247266085,0.7656493366171032,0.7720194624102182,0.6945998705657421,0.5980801196420644,0.730426304954341,2
30,0.6290161855154534,0.8022642933905221,1.0,0.9396389135254837,0.6578382096944081,0.7119173419498986,0.9145538578516633,0.8571909438606976,0.6277995167130026,0.5237846762247081,0.745907516557446,0.7958931207492973,0.5917691708576561,0.5857564664115704,0.7523062179208908,0.6905790475685119,0.5522654564538989,0.577029286265039,0.6942438303829732,0.5978585219162653,0.4857926818900205,0.6968674928775628,0.7658517433380254,0.5686484947215953,0.5789652293127896,0.7121811780919961,0.7118486010197445,0.5602670424663632,0.500867166993119,0.68994479739622,0.7299802370355557,0.6441016300970347,2
31,0.547629686515298,0.7757007052351036,1.0,0.8752468799636546,0.5078822668564372,0.5063520877191581,0.7192768985235292,0.6796522000541416,0.5646788231038385,0.5185052279016811,0.6157254945186074,0.6472209159299396,0.513959898544129,0.5677868415819388,0.6517024192255465,0.49579639316023905,0.35643418391432263,0.5128041366213644,0.5571800207178548,0.4555766350947267,0.2823440743250465,0.4839049384454019,0.6981996520548424,0.6027087104851195,0.4324344491868854,0.6328379988763358,0.7901074940153824,0.6854272640834901,0.5530171590835601,0.5867553691867842,0.6848108653350485,0.6192817342873117,2
32,0.6597472602428885,0.826173274741227,1.0,0.8163727012991187,0.500588817447767,0.6472962966524172,0.8576256099297092,0.8080939894678472,0.6432050400693414,0.6155273486533329,0.7810517730108565,0.8310952498538724,0.6786994638248967,0.6948407665125443,0.8084951029855931,0.7129898599450972,0.649913248680584,0.6930098782572371,0.6608976113884473,0.6064701937091572,0.5454355374537458,0.6240587616088586,0.7499910973568922,0.656176938441277,0.5360012650011117,0.724871752216428,0.7666468704512714,0.5983313038809371,0.49384870785707125,0.6382728109482182,0.725494513234325,0.5969702208635389,2
33,0.5817866755070674,0.7793462579508912,1.0,0.8764330212828804,0.5892326596768844,0.6180965077273212,0.7577841256345907,0.645159377689511,0.5361784538161626,0.7030725001799526,0.6784018063736167,0.37680081294738654,0.46556117013301723,0.7239126587561083,0.6207173561119288,0.3210321104083595,0.43321982441141166,0.611846913498796,0.5871247329812133,0.45871471974935873,0.5222223604132795,0.6068288703372273,0.5163176786072918,0.5560102404008379,0.7376400453561094,0.7348625990150028,0.5096844574106115,0.5990332989271095,0.8391607111317394,0.8354052606029526,0.66663353596578,0.7324272631159846,2
34,0.5882413123840509,0.7397777232390266,1.0,0.9393918179921604,0.5806042727508496,0.5081378294082272,0.7374871978307558,0.8302078311083648,0.7233375290761287,0.556980537622009,0.5986602581974754,0.6916915514354957,0.6672831608488671,0.5471729018901201,0.556539534094677,0.6353934172726311,0.5485141941502275,0.5134982260238253,0.5894501015441387,0.5974498311649583,0.5818842973889234,0.48201288330103587,0.5173585618074048,0.7105265524165447,0.6267095589795062,0.4771053862611908,0.5715371348230941,0.6793949205141088,0.7190078067445721,0.5778640588831798,0.4575063162261646,0.6604929067809009,2
35,0.6480958912096811,0.8283484794147066,1.0,0.7988038342035064,0.5767888932269462,0.7794203485934755,0.7360456354154585,0.5997203464753862,0.7669668009607543,0.7733043260056203,0.5986746101672771,0.6236884341503315,0.8093651038260151,0.8004363062652666,0.5914576570780211,0.6947259001199232,0.8646338243659212,0.7101095013871195,0.6538865479986697,0.8198094171339052,0.7377479660972079,0.562958528616205,0.6735480435588119,0.8241401760219879,0.6863354622774266,0.45187575803746816,0.7570544148908749,0.8795701736823099,0.5916191021114977,0.6346449355591222,0.8524939168091125,0.7496303263713299,2
36,0.4833169330864028,0.7381918857611184,1.0,0.8648442781406532,0.45608508293647476,0.59889559018958,0.9128060662996214,0.8024781836586438,0.41699607183971515,0.6140311013512965,0.8423118182037355,0.6682712751937909,0.48270030253918916,0.6639146469031048,0.7611724042027593,0.6496503836505221,0.5243732015806283,0.6360399974996565,0.7769475761624387,0.6911985443051472,0.47563754635969385,0.6390261367255164,0.8506780552940795,0.7177731728419126,0.4434114007646583,0.7382373177168349,0.9068482839919693,0.6578506501777905,0.5160971923948912,0.7758564728751365,0.8736656877837023,0.7043096919184307,2
37,0.5607405705910111,0.7399154294299216,1.0,0.8740900840813581,0.4931400486682665,0.6111866991050624,0.8560246133054488,0.7734704934133785,0.5827934997682805,0.5933531360625387,0.7728955612507182,0.7679224956842599,0.5815052515930561,0.5868495750009652,0.7294585214859962,0.696980758400419,0.5351211393229324,0.6236811846055557,0.7616185364373296,0.6557885058719686,0.5841737325069838,0.708697885241096,0.7667325854529591,0.7139912661556578,0.5489955368876994,0.691401185163404,0.862463177459989,0.7491565631332566,0.5547429962505972,0.7663011460405361,0.8735869788433234,0.7605963900547309,2
38,0.5687565715756626,0.7828839116607781,1.0,0.8299460061795627,0.5436397817966158,0.6419714780254392,0.7511302935959026,0.6470153888831615,0.560827655140112,0.6531768848550816,0.6523637482288711,0.5470579356732869,0.6022909097408504,0.7265405503072926,0.5890950903092257,0.2163252311708192,0.39524183485835274,0.6557414948088502,0.5973755031587281,0.44506640092173555,0.548227823306658,0.6402682311042984,0.5517171202559883,0.4823318585713737,0.5872428126774196,0.6014569113014508,0.512676715564973,0.6157455804311753,0.7493210660275571,0.6178447157138647,0.4879434249980456,0.7383846835767925,2
39,0.7067279306919325,0.800211511183248,1.0,0.8535299109635422,0.5317102109599596,0.7514325478848579,0.8618113170546128,0.7385965160692444,0.628957835489704,0.7315348139373701,0.7930765159369744,0.6358719150455473,0.6556851519622751,0.7961289881244306,0.7393810345396745,0.5633049644017483,0.6813963489294086,0.8706008561970147,0.6785700514835459,0.5050215187535936,0.7410715594067693,0.8437499994380038,0.7132601270809817,0.48754815227508314,0.7904696389334989,0.8888462855617482,0.6108909181371555,0.6611840044288443,0.8185941157815722,0.7717937539540112,0.6082718356591321,0.6703540690146094,2
40,0.5957989406153958,0.7793528573179658,1.0,0.8677347604257893,0.5575598564551765,0.6243620888118392,0.7929389717878103,0.7468736360470314,0.49944964823375826,0.5311218747915056,0.8050029038673435,0.739513371617547,0.5195270059159609,0.7029473303453467,0.9336729659091177,0.8322728565515746,0.5088826335133508,0.7244845512700813,0.9392380449495163,0.7273072742182426,0.4994188034683517,0.678773059979642,0.8015498868449371,0.667744155457434,0.5205376721359104,0.6783432341715055,0.7568882934246874,0.6682235422756092,0.6274473060317367,0.7754903128765488,0.8602764850910104,0.7906922293737135,2
41,0.565980894268771,0.7664213509898469,1.0,0.8514398611272117,0.47427230801103,0.6298832749315101,0.8814657579311841,0.8026206732988016,0.6047570280368504,0.6217265222503296,0.7898868849350873,0.8200341699420659,0.6676688376693322,0.6793344449783423,0.7924524316495326,0.6723599000151131,0.6145883280805532,0.7016996219876936,0.6980913200438332,0.6414910665289429,0.5474768439043409,0.6797745641741957,0.8244379169391218,0.6479391738877618,0.48786593500976244,0.754226525409155,0.8440683826031647,0.6267805900958812,0.4893016162382462,0.6554223865075369,0.8209096300189189,0.6619919751174919,2
42,0.7151747580873531,0.7588651849653698,0.9390199621618994,0.8506038757782753,0.4693468399943594,0.7461478767859395,1.0,0.7964043962288345,0.6763369440285788,0.6011997113051148,0.6750578731682166,0.8112700790966527,0.6613486734406953,0.786925738537347,0.9221997479080353,0.6568331602462247,0.5497121407306437,0.6629152270442097,0.7602364354813846,0.795449412338623,0.5706385745617403,0.7277351951837903,0.9924581288484505,0.8094792620376919,0.5240635968521713,0.7993268700384532,0.8862765451927967,0.7301300962245945,0.5781036265629247,0.5872727176784617,0.8169060780089246,0.8624306475998221,2
43,0.6254861687983937,0.8039312371041668,1.0,0.881352693100502,0.5858313399165842,0.5105094849260671,0.7492217565624115,0.8508138665952969,0.7032586221848208,0.5338477259538568,0.7011111352381278,0.9099309837250202,0.8173090236032512,0.566026325108282,0.6039849622632705,0.8212053855091139,0.7434551179314074,0.45434458656195503,0.427698164174652,0.6997356477728789,0.7287926397340181,0.49876872630795965,0.3813162069687263,0.6785413821732749,0.7800492081396906,0.533203320722352,0.3634379138000979,0.6597447806137305,0.7541853174604715,0.47593447868770355,0.24165264795869426,0.5274299769676203,2
44,0.5633262128130097,0.7776546224834803,1.0,0.8655464203217702,0.5849402272450018,0.6480376771600709,0.75442283570158,0.686794021067008,0.5998907811845314,0.581064569541824,0.5851241628135645,0.5573370559624157,0.6226193738657648,0.6490220939250047,0.5230703806906584,0.5402723473838157,0.7404547072282934,0.7825887277471836,0.6243943027945442,0.5740813417862549,0.8223249216209023,0.886673516084647,0.6953074595605335,0.6243563140370297,0.7743963194878156,0.8449045413632603,0.682809394163207,0.589637738462513,0.7037688610506816,0.7009144395081548,0.6104024302678359,0.624835720863054,2
45,0.6301879287936114,0.801727550614934,0.9556783867728845,0.818945437782716,0.5959903796047372,0.6415509927586724,0.8494079502493531,0.8825347729685871,0.7282978150364728,0.6536255888932285,0.8212451479453414,0.8710574082101842,0.7605094733851562,0.7755007763047955,0.8642018328033068,0.7143161943097317,0.4568954778783967,0.6734222904707406,0.9636248359355923,0.8828846553307688,0.5900731638075812,0.7451009822368595,1.0,0.8259046864188849,0.5000088270799332,0.6871295781333222,0.9165738088101891,0.8028782050098621,0.5412084296215957,0.6344961413057804,0.8656546049175112,0.8133294126749636,2
46,0.6867678461761585,0.8264624679728784,1.0,0.8873647719819059,0.6635696880629349,0.7085464365252537,0.8472451365734267,0.776402941008219,0.6353353846759339,0.5877310037591794,0.6694680839980318,0.6331183204213698,0.4622430714325059,0.4779208768268994,0.5341895450882626,0.44384315222132503,0.2528218453050958,0.41207519591160846,0.4709437309774261,0.2682314757057697,0.009639572297308495,0.29297503108000983,0.3403086417196994,0.10107105364410965,0.167410199488518,0.21779146528827364,0.0958160065420512,0.09564374348523444,0.3314348945530965,0.2866475777704932,0.05823387402538074,0.26786844709549196,2
47,0.5721747858070189,0.8186777977383438,1.0,0.8092290086981893,0.5575647735629408,0.6247096967888931,0.759132859777106,0.7456134274098917,0.6708612914060945,0.640881296697964,0.5723445528905013,0.4722810429408666,0.6563041996281734,0.8470251193633233,0.683999608485981,0.5270355690906721,0.7681633903914526,0.8694198882037791,0.7287666158563663,0.5845958332877775,0.7671145476659736,0.948852270230095,0.8185059178165631,0.7133680974587981,0.7660941783878995,0.6969794151932786,0.6615653780670179,0.7585780146431614,0.8135076727125501,0.6923746361791909,0.4503891078799056,0.6320569724483012,2
48,0.728274550388555,0.8545832733643439,1.0,0.8607783076257949,0.6499132539101001,0.7205163365516585,0.7858901394144393,0.7537070282939581,0.7166721241684237,0.7821759011564948,0.8897668167249184,0.8110253627396992,0.7180375601583435,0.7191824056258092,0.6478864535223352,0.6313625207438849,0.6677208193404912,0.6848079132078425,0.628041486841764,0.5664997374021864,0.7565391160901869,0.8173386774431677,0.6162900175547564,0.5454855283557221,0.6732618320251078,0.7232342320570052,0.566479362962432,0.45571958370211824,0.6084826590521379,0.687485334863538,0.6797184876757161,0.6622546062211796,2
0,1.0,0.8084073715112952,0.5980538675636387,0.7507652163876146,0.7563153554916958,0.6359108887317457,0.5262717292115316,0.6237729100265709,0.6867513261027763,0.4444543797513224,0.5550554782765937,0.5526167269494725,0.39849013757189705,0.15562337520329617,0.2754179240033924,0.24304790853528016,0.17130455207021866,0.19939077296183758,0.26382580219604324,0.06612572669887465,0.17760087594709176,0.29674757906505383,0.20822061179079754,0.24018097984679235,0.43137899168634963,0.48919855568266596,0.4501094947780243,0.5002091512893535,0.7748430273993916,0.5625233077780312,0.4637103421887886,0.5268784809939515,3
1,0.11303405356630436,0.18673983183579423,0.4033058025831116,0.3092353833966865,0.6096964577566939,0.656385515867183,0.7173075381041245,0.7210141983525532,0.7212370007790131,0.8005076898628076,1.0,0.724418682210792,0.9105258826617806,0.7232376554985197,0.7023812634648187,0.9737202492659466,0.5645956628391252,0.8552070284211165,0.5947383187033561,0.27868377481128814,0.499095209412728,0.5077710839663674,0.35664831801424873,0.2837290232308295,0.14654136429041634,0.06790959781539048,0.1713005353036365,0.33849810583696,0.2033652422461421,0.4284882956378158,0.32635389038614765,0.36148621764549466,3
2,0.6247789601869044,0.48291486380900933,0.3966520500561863,0.48837395475929585,0.2708077625419727,0.5407295591216136,0.5832049412843792,0.3724919724767708,0.6023048650833303,0.5740548405241049,0.647943950113821,0.8652814414827892,0.6483085153666682,0.6998375176101012,0.9527142428210288,0.6731662104394339,0.76831682235735,1.0,0.47176461419343707,0.5749735995175217,0.8514575356651967,0.45200216533195336,0.6869691770465334,0.689906576022403,0.330122402951763,0.5570326228722613,0.43145910369460555,0.2641325587236073,0.5595651943128808,0.4026982224906551,0.07030888413214985,0.2481363807093415,3
3,0.07586553404200637,0.06035833250645698,0.12702994209865384,0.35471370912014594,0.2395637147489399,0.10390878918363455,0.4772610520426228,0.33515392563723256,0.564545230139777,0.49848869424039627,0.48257942853716823,0.5326547294563538,0.6311212976685469,0.4545468149655005,0.7021586497639865,0.8391433134136521,0.5268358416043154,0.8430231344505507,0.8214350391363184,0.8933507047797665,0.7992554864291577,0.7865991125615958,0.962356749000893,1.0,0.7631142974858646,0.9270795918675936,0.8243210348907736,0.973135769126964,0.9831594963203857,0.7019232714944723,0.9588669695902576,0.8218461782598315,3
4,0.15195613284777554,0.33606148989062246,0.35554793836796106,0.2737349048339104,0.7180659326593493,0.25467148911796417,0.571944716938446,0.8976534500915386,0.16579698252000388,0.7246403533903804,0.8664458806997086,0.26633065710853576,0.8851731555371339,0.7974568415971003,0.41024596118384,0.9908995167908161,0.6872928587828626,0.4544979387835083,0.9050086683975638,0.7238919051801762,0.309943067544714,1.0,0.6814506176875053,0.3882226898128432,0.948812103066248,0.43834113680308073,0.4560109798860792,0.5693656897661034,0.24605990141926315,0.3372282992052845,0.37281269994863314,0.2605582229167115,3
5,0.6031848812556017,0.06401714958004637,0.13722578724539278,0.3207946908631532,0.5703287466679401,0.5099555220542366,0.5422324126852526,0.8149380431897534,0.6860553009854823,0.7649337524137162,0.8090057259891691,0.7104485683722229,0.6263001260558292,0.6582230185236891,0.5349769876813554,0.18767614138337016,0.21790548124916292,0.33788059388810154,0.6538899992627402,0.35524528473610256,0.8293869032504385,0.8049068402778019,0.5438908109139481,0.9999999999999999,0.7326323722877096,0.6284619244589148,0.7359935457610628,0.5074232297042032,0.4436087906326403,0.2801849910998297,0.2219541897981293,0.2409385703390924,3
6,0.533992594531105,0.5742300669829818,0.3525188000575657,0.7265410917887595,0.4443552811878717,0.8505223963763522,0.5075878211427879,0.8947127126565054,0.5083153898213358,0.7807316813060458,0.8943721895784313,0.8166196490719065,0.8513291401653378,0.8290585352227192,0.7741688191442393,0.816615582837676,0.8830987046461044,0.9999999999999998,0.640975761300264,0.6711572016901616,0.9394357520430876,0.8050460589688969,0.7720792001804698,0.6208175992504383,0.8487112839100276,0.577474846858423,0.6849989550384578,0.5324484475412791,0.7273210535326557,0.3068498333248316,0.6076253492800868,0.3631359300313667,3
7,0.19876872257683606,0.2750652927965685,0.4103178699009197,0.19158043138735648,0.5338853158080444,0.36182703493220936,0.6247631866911718,0.5416672353522411,0.6639673215034408,0.7633518597962393,0.6902847032489383,0.7356977412441502,0.903750680093363,0.7636651279435023,0.9368856714154128,0.7905312895267942,1.0,0.8420335772417988,0.8016055772609401,0.8601067104997269,0.8864372799846865,0.5884439573424667,0.827316935992505,0.5868663765771811,0.7676014485018023,0.4838939039775709,0.5225324301374293,0.5558371942848136,0.39917695057071584,0.3386622644581333,0.4521534740851224,0.29797187076525755,3
8,0.042818665749935814,0.10861649378133006,0.3244530393185822,0.47362199453984266,0.10395686723738924,0.37851599776245437,0.4959452025000639,0.34437097673096817,0.566379259979848,0.4249029424717504,0.5870622244361906,0.6470827978454154,0.5668318085046071,0.5490415060119485,0.7849421244837205,0.7838982636666224,0.5566070899826808,0.8262594903116353,0.7808637182116686,0.6743086768146068,0.9837468147243853,0.9303277028634508,0.6686208477942887,0.9768609846483945,0.8345111472639117,0.8012161139217626,1.0,0.7352867412739873,0.8980954673192884,0.8985187773092155,0.7001270654013976,0.7999865466417528,3
9,0.576411734603506,0.5996872848360024,0.7441591812030859,0.8759064703778869,0.8676789869202168,0.9225680955402827,1.0,0.8423085169232124,0.7403390925402656,0.6637457988330905,0.647176914051647,0.6712813039152494,0.784801341203775,0.8182459367350147,0.7817252369439976,0.8260423113905377,0.8474446076761093,0.7648447893711738,0.7905803105393452,0.7768134301682996,0.7524424840327706,0.8509150045066478,0.7154002822004083,0.6664077320850165,0.7921826184864341,0.8126701244656321,0.7499635251234661,0.7827625501470451,0.7561440968807401,0.7912760144742889,0.8009405181795359,0.7943669671708281,3
10,0.9647499528486313,0.43975196293207086,0.4032813004570941,0.122533452349875,0.28970398131551517,0.3141272547669027,0.3931053707915375,0.644519843437828,0.6434847407599017,0.7622113156818533,0.4254719128688462,0.1785371986915647,0.31271013423993455,0.5383044758035742,0.5067053992113647,0.9039384912800619,0.8808741998108126,1.0,0.8205712330439117,0.6107132009954226,0.04529229301561898,0.33629423964652855,0.40847413005431127,0.43615019661358273,0.7423431279203425,0.6742709923513388,0.7419563566240719,0.4805113945596658,0.06092799480472638,0.2192993662758389,0.4517885435948342,0.5345936467352853,3
11,0.5244584251399285,0.3534338221294545,0.3307258354471078,0.754078452263589,0.5021251867340094,0.17388215114352945,0.3566971502351815,0.4269421608453537,0.5325784736495707,0.5667626732832144,0.5350935977095231,0.7744949187838802,0.2788879321518629,0.751928637420521,0.4605111559066251,0.974765840845922,1.0,0.8837013997835078,0.7711270393041274,0.8554348364129942,0.5684718158538079,0.3582006336251224,0.6747195312355739,0.50353694779042,0.1708977885642727,0.13661614277169823,0.47021856687268854,0.41730615315625963,0.579078570946749,0.5393858479223382,0.7916934597325479,0.2621793540088397,3
12,0.6314447037573213,0.5855299144721675,0.3302394694531514,0.5101490033367485,0.30144070277733315,0.4418680779711148,0.7592236184072416,0.49221222034487266,0.569035143087102,0.6495748844502428,0.5763505413925932,0.9426990653863204,0.7895476333291758,0.5842421789789516,0.9023381518545059,0.8725245075181323,0.6610397206769482,0.8482210220239345,1.0,0.5925273379222833,0.5730784889220013,0.658275086557921,0.5023897576867249,0.8559530154912991,0.8294570605122517,0.5589196051030076,0.6427140789555236,0.41716749839508704,0.5157085278895484,0.6482248911569621,0.4144093915400563,0.37899398551353747,3
13,0.2271699572180632,0.32612561348763225,0.12600947894264294,0.269063649083001,0.40585922381501593,0.528164525970371,0.48883279800834867,0.4258007461731814,0.6486762020315139,0.6654497804050734,0.7844108558477123,0.6054112623963936,0.8083745633638937,0.7976086621947193,0.6491705172501834,0.6626245280766059,0.6187902614572799,0.9035815357472867,0.9318940445149906,0.8291902752460028,0.5725799627737448,0.7280752847933359,0.9021732784990365,0.9781838563066614,1.0,0.5670778645548555,0.8450757105958079,0.8815199109271162,0.9949807517424941,0.8543288170140689,0.6854573607062164,0.8699690538894368,3
14,0.2917708741287058,0.7161038437470735,0.07270764537351009,0.5025973250920025,0.21543088730619675,0.37571399518469445,0.40726367619293674,0.33089568910553213,0.5458657639646027,0.3462846849435992,0.779219172052195,0.43559167416970046,0.8225424984844097,0.26300046013873307,0.8248446452073872,0.5538726859502185,0.6526448136266595,0.9391904929197702,0.8456009822869033,1.0,0.3623984164480372,0.9408369816383215,0.366942854692048,0.6689010982444694,0.6405124400173011,0.5308074146665835,0.6649599441165633,0.3054926505141736,0.6401345540946447,0.23464176134677062,0.34340610622565715,0.17906374605208825,3
15,0.9890873502249443,0.43194868973891754,0.6359775138264163,0.852044298956183,0.4373434636404686,0.7501481127827272,0.35990209736395773,0.8991479457929399,0.8026524054733525,0.5408488304817116,0.9999999999999998,0.3081930307456872,0.7011334379419294,0.6470739339087442,0.5560070091371142,0.8071487310302659,0.4008529940922044,0.8690465817246511,0.5090175720429316,0.3975017104293813,0.7436763122716976,0.1899576317330405,0.6021287086948772,0.29245249416645136,0.407406589814117,0.6453529202615861,0.08766465106437285,0.5830604277595515,0.3177065354406701,0.19271137224239174,0.32365629022953873,0.10465299339304505,3
16,0.3089648434800711,0.7563093024558836,0.29751276966135026,0.34142445828480894,0.6349954449952077,0.767750892277283,0.9032273843477189,0.6192049973473689,0.49184074513247594,0.11196396031927619,0.39546489271608387,0.6189024545557571,0.5462381644085446,0.6338271638977516,0.25929896138738245,0.5826665990417419,0.3909372248057244,1.0,0.5133827677456828,0.6911299500382109,0.30670980835373196,0.16275476448533227,0.6825644751344944,0.5837459313623204,0.8634522542227214,0.24219346920724877,0.5536575147628192,0.3381485819161181,0.6000937563579745,0.8264220460852364,0.49042369650630246,0.46921982054925737,3
17,0.5508928121888558,0.4434235975530252,0.5284714355192974,0.39274996946983237,0.5700071886963357,0.4856371394119856,0.7622012923335496,0.6098821786914675,0.6803288660599869,0.6532420000375864,0.6747862869644103,0.8670974873700983,0.9213949179798502,0.9815970915966851,0.7761471988853413,0.8198356338424181,0.9044954106307981,0.9625504597797367,0.9699813915857772,0.9999999999999998,0.8410449391359507,0.966974556135109,0.7454263790175755,0.926432245316954,0.7515430530947095,0.9088630973053845,0.730515117142328,0.6662097220104276,0.6479080889773307,0.47896494723169003,0.626997878697726,0.5585409812118185,3
18,0.8189015255779367,0.30701029044094413,0.3101165000865929,0.4260917293904866,0.46228288441863874,0.37965884016315876,0.19741229568997487,0.4442510015828257,0.4009739236228347,0.21446822710203833,0.7764480940374265,0.4532088518318185,0.4424651501326141,0.5505845205409553,0.45997156970717706,0.4380949863555073,0.3406821436663793,0.4797687129598288,0.46015994239219243,0.3710481293500625,0.8460420947912389,0.6827175653000233,0.43811091016875275,0.802600367588294,0.7443894464268722,0.783367206467639,0.550353097449156,0.7384192574794539,0.7353805981134943,0.6999990288220742,0.9108393323325197,0.9999999999999999,3
19,0.3196154113408607,0.2194214817163622,0.3200224905898932,0.6763648075621476,0.2011349894219305,0.4982265313534996,0.9405832610005932,0.5387901560019821,0.5551701559808606,1.0,0.5971769572499221,0.5875326535948553,0.8645678142059826,0.7775238977658161,0.2277677284901839,0.6295328778599333,0.8718621014798099,0.27379806479237195,0.4809832510126745,0.5583227359825554,0.37448330037314304,0.5726392928682758,0.713004535728052,0.3329181046132656,0.5866174963133574,0.7655069479667175,0.39767233615059255,0.4380436417693601,0.6730747418189639,0.4878125945426723,0.19527366677036037,0.43963647005725226,3
20,0.9184111323592151,0.24209776713603684,0.17029306847865133,0.32578151725449467,0.3773585461311425,0.17317675205689118,0.1786426520923339,0.04379576666476359,0.3319303645416255,0.37576875921829267,0.3309337271288103,0.0862227256581659,0.53307180223095,0.47980834317339216,0.63850911763691,0.544456943517639,0.26370947672056483,0.5608232393832725,0.9176569047552401,0.5126020279258872,0.3574330152618051,0.49514868123837125,0.5782615838808602,0.5252696092253991,0.5591331906432635,0.49723496957766533,0.41752073242225174,1.0,0.6731645863025805,0.7341754322799523,0.5575381001993706,0.8815539592367084,3
21,0.3710379528245626,0.3490669305569968,0.3870348959522545,1.0,0.4068005378429923,0.6843247468690535,0.8179800182968865,0.41273029690423424,0.743195467399722,0.6104180483173113,0.5248907412227759,0.7962440121784412,0.5555508651826742,0.5626642072233411,0.8007306042283978,0.45401393846207105,0.8014688996782854,0.5355429820156965,0.35990607629068505,0.35974749092577973,0.5403544905711326,0.31938577958502923,0.9696362918772362,0.7592784664043448,0.4902855424653668,0.862741189950259,0.46975263930724415,0.6522706723871278,0.651509574789413,0.5202073738960306,0.7169701612837786,0.6427757137957936,3
22,0.3399466985116338,0.15092259739696295,0.16456144929017738,0.5096134155828289,0.7349856223508173,0.6055231813507004,0.6954802537660966,0.6658813483219856,0.8792987592055078,0.8422573445675862,0.8107102353788928,0.7245503558054882,0.7644775122263608,0.5802106210144256,0.5668946430499565,0.43745374477505633,0.6619996063694102,0.32993101715403006,0.32623639424222267,0.20335115634020928,0.12868425115393614,0.1439274898902505,0.31776798774237347,0.6693421960399062,0.6143230919739403,0.5760381972683875,0.5453123109571695,0.8204875691571484,0.8352950998920723,1.0,0.7533833949178551,0.9143238347401587,3
23,0.049142232175779094,0.39051961547098285,0.10287330428761113,0.47616673166022455,0.44838735188365153,0.8402454553950357,0.8832338722158986,1.0,0.4430157931018687,0.677391990023556,0.6689584607656003,0.21484478414136632,0.6917018771125648,0.3218763289745518,0.24867562158611353,0.4659420847927991,0.6316468986271012,0.3830134093778493,0.9755659550456602,0.37991802901032545,0.5524034167445595,0.32298268695947113,0.7987923811489678,0.686776600637542,0.8754920110558764,0.2824963366530187,0.303002553632692,0.8011591554964693,0.10546358303220596,0.7349476225977525,0.5728710208373761,0.8119041350906573,3
24,0.558839085580894,0.4852420819666393,0.5518394147659327,0.6891502845658195,0.2263196563512139,0.8843893111147537,0.6236013582443073,0.39805168414260883,0.9999999999999998,0.5112935850838936,0.3571263292191267,0.9367237105801623,0.297844096576384,0.5397524165178806,0.48231284885195064,0.2687374954635828,0.4252297735694512,0.37096553842873436,0.41633066323008927,0.509614029857186,0.2720955293575923,0.5262884364986056,0.6012152633200872,0.25346187534349435,0.7428619357477977,0.2750335117546775,0.4280989673528853,0.5729522220302379,0.37257722801672066,0.17557671518958218,0.5331311191262039,0.05899175898885792,3
25,0.6152567154482712,0.29244642267257365,0.43451072613090597,0.3296459710843092,0.6511293310578516,0.5918494721165662,0.5889275360965386,0.6217656601996909,0.41738086086887083,0.6119247894928019,0.4876815655983043,0.07464901797869927,0.3118850861058423,0.2371151533021418,0.09534016690747756,0.24241499167850572,0.32209611351640066,0.37692059477840045,1.0,0.33761478887045837,0.7852208991445643,0.6682474425996584,0.6837199049096213,0.6452877722491999,0.34966578340703697,0.527186014458267,0.20373152702424982,0.4042539896055157,0.3134348164686491,0.55628908702679,0.870437913443768,0.9408783416336355,3
26,0.6186545461857962,0.3212188157443759,0.5310402939035745,0.5506764839530784,0.5137754149719127,0.7734513169112636,0.7218985969599253,0.7516549276297844,0.950822417773816,0.7456282729059228,0.6875535139036509,1.0,0.5718255389175606,0.7254273641851712,0.6186763886545331,0.24976521024263904,0.6230096088850787,0.1698675865902156,0.46376838432252343,0.38296544018645884,0.16441913475256312,0.41742921695617047,0.20683654790066416,0.5296158412488795,0.30752644794807543,0.456760541111379,0.475346804254663,0.31659045061476554,0.49319211114440187,0.22640919876863563,0.38238430477736157,0.15328098492096212,3
27,0.3422183763727,0.14574912716667326,0.2627653168247517,0.7507620867440405,0.46577034022774866,0.7884256030759217,1.0,0.721918771646659,0.7386807122342247,0.6840818907130055,0.8062773771254526,0.36411097999769637,0.3960747318561552,0.5894932180503295,0.04255217313986673,0.3417168776524648,0.11412899974446736,0.48614607017301126,0.5420032923434995,0.5150634230854401,0.4776466490099823,0.8182497180080711,0.7301470349289051,0.4236240857234574,0.9411924835302631,0.4952014997325197,0.3231123256526833,0.6297161994091782,0.31532641895808683,0.33725474236294645,0.506046038204083,0.4684697954794474,3
28,0.1889503028166972,0.28920148942286117,0.653912270871492,0.7819792241182535,0.7219054012241376,0.8513646279117181,0.692454501863323,0.7379610039389013,0.3341442384740679,0.4663743325370165,0.27200902542817956,0.3805054537702753,0.4585220610349191,0.7380088264407074,0.536201287737893,0.5189024447884388,0.5680368612886829,0.2322467366881128,0.3706265106012649,0.48463883482176395,0.41052648525719065,0.6069537912106184,0.9999999999999998,0.603004904095437,0.647741007793295,0.4332671061260093,0.1159545770583019,0.2648912920926123,0.567945604665929,0.2954181878534902,0.7839084355192962,0.9505949438578736,3
29,0.2145168415916795,0.07016771787839567,0.3048546433064722,0.1377275155791534,0.4537343049585671,0.6054035915803224,0.45467904205966686,0.5074494465434712,0.5225166115551669,0.6289442503933577,0.6745122951727155,0.5088256157857498,0.4708087637759248,0.34450580415958487,0.257686757526142,0.33630521828055815,0.1410849036431749,0.15223806936776324,0.3198870383581294,0.524484229684848,0.46320400532958883,0.7726635499838947,0.49884759197665335,0.6543938801858686,1.0,0.7083735733723016,0.7729825031472087,0.5591158824204909,0.4943111329619322,0.5414280046055504,0.19244961099028018,0.27575922632256444,3
30,0.09196296942201064,0.7443837852867023,0.4777427733231641,0.2965094337318232,0.3825885438538461,0.2633732884958465,0.4154306556523759,0.9348552702122105,0.037164225541379665,0.8639071217938968,0.24106329504328422,0.4705714525913378,0.6266685475283742,0.5439834816210724,0.5450822981521173,0.692641780751307,0.27835719315652524,0.6747451095399749,0.5144026738191831,0.07620328997431504,1.0,0.3413373144170601,0.4963131841628309,0.2713875383656915,0.3789779508783839,0.6506929226620467,0.6893321785884619,0.3925505093565065,0.7224697856287337,0.23567211801311255,0.480485094561878,0.5307812993299666,3
31,0.35713334861220825,0.4285407438619028,0.592718108911172,0.4139975916401668,0.6167411285841339,0.5120428506966804,0.5937010271928396,0.6565377514136499,0.5835147874759533,0.6210524430932137,0.7474836715367287,0.7211015270531878,0.9208100001954347,0.9508785412060056,0.9273331340610118,1.0,0.8847825118272309,0.9352737438703509,0.8767662609407125,0.8049973987687904,0.7746340333112459,0.8746785834360875,0.6935554042863458,0.7898052932202755,0.5843679613114858,0.5451231780423312,0.5543589417626757,0.42576188371118,0.3053056965609195,0.42441907981288163,0.3876238927560882,0.46110116144260316,3
32,0.8978704001113985,0.43848461544579104,0.5656251840871239,0.5518651708475182,0.5777057780651985,0.6925359338932635,0.39558995834370714,0.41836549460583883,0.4938608651975668,0.6194334374005952,0.6144618080201878,0.359822488695969,0.48740835113746833,0.511500911879857,0.7381788557689475,0.44968152580805043,0.581361578543642,0.6283184273399841,0.6581246114198822,0.9160199914334604,0.4154121370414315,0.6195318568392151,0.6971666721173857,0.4768002955854427,0.5381163483420887,0.13655875030525125,0.4460434215899665,0.3540134110170755,0.6169177168342788,0.6078561205327409,0.6883189422847436,1.0,3
33,0.04496016706462128,0.2845948998998225,0.1586869504743356,0.5432096741055139,0.10348615285686458,0.3100086713321998,0.6646994685502767,0.3869904116099937,0.4354584604152946,0.6643562916450331,0.8409895256982364,0.5928471495984868,0.6947790485391859,0.7104214210772839,0.9999999999999999,0.5562898969195267,0.6785111221433656,0.7542657011453858,0.6969642808167115,0.4936182815464909,0.5460079033194242,0.6249196662981957,0.6624831693511608,0.4217872647035597,0.593053110545834,0.527460457386985,0.42808250339109866,0.4092833479215133,0.5475487880559103,0.18241187368625422,0.3055332802767313,0.24867989659960724,3
34,0.40043853468902774,0.6052034139072914,0.34034402011453607,0.2661901321768458,0.21866715778291348,0.3522647143205305,0.3602812719606252,0.27819941334842946,0.32394310246161195,0.06956640135879646,0.311924218927324,0.11566159365531456,0.36598490157661717,0.1667631277501285,0.16831427008621164,0.4175140873103676,0.42476873353553424,0.4747457501856879,0.39192840989749633,0.4321871916500726,0.20353927984308284,0.6119729689811357,0.6283941714988674,0.7969674785375286,0.6789622797032442,0.6925472444742736,0.5804653075479094,0.6765499463959631,0.8537700617488436,0.822538306481099,1.0,0.7231744203104508,3
35,0.6523651189916532,0.40878387814951606,0.5322426463698028,0.42975673443072876,0.5876702905123864,0.5239310897486368,0.7809573040940073,0.6957193491061388,0.7440908941462192,0.3608660976296247,0.8463921104339955,0.3309117671892941,0.49769255532785855,0.3672743647393544,0.4682813700174361,0.3422168408999312,0.21780674532409833,0.29905122286652275,0.4030182585513142,0.46458495287857815,0.6094720514150777,0.24909426183224154,0.521330414405429,0.4919713075065641,0.8878235358341742,0.40009076663494286,1.0,0.855343595679112,0.7742135458805914,0.6441560068418901,0.8919355050897042,0.48694181614326265,3
36,0.5146673290866923,0.3281956905499013,0.5911887903769477,0.5593572177147044,0.35870320196409344,0.7311065251218136,0.5417503714386541,0.5785079304816385,0.6198875371350556,0.3834384360334016,0.4338797150719256,0.6318721946479054,0.4295009918174,0.3351040156425676,0.39526888025662593,0.20810648237171273,0.6599397912525248,0.5481943014701968,0.6424534430015569,0.6400346149395384,0.45444895054738743,0.9873550827716874,0.621958036763659,0.8761562544237721,1.0,0.6143430622158693,0.8013794026898953,0.78565174692318,0.8089103178633447,0.9522762347471531,0.9005491232546767,0.8263827000915908,3
37,0.7178442083905938,0.12942335996732343,0.24967443302408143,0.5724088206704518,0.04277212090332068,0.5988287234544621,0.3994616333390362,0.3260268637761637,0.8108731906972751,0.4735661696849377,0.6404802678533055,0.7522629742375495,0.4951791422774006,0.8000135380970811,0.6775870485857349,0.6135177105800458,1.0,0.42179777415935665,0.8197652319400096,0.9774783657599875,0.23267471192548728,0.8841342945289791,0.6298180370920925,0.2903281278430123,0.903230127819384,0.38686260988338356,0.4967205345149055,0.8646921746670286,0.36234395598166785,0.6629011790750116,0.5078757740393981,0.3902086927130418,3
38,0.22191291372193178,0.04328656021785505,0.3414732246261009,0.47477560348915193,0.28631138642151527,0.7268653929757056,0.6488802479632536,0.8553037460786765,0.45760109407531113,1.0,0.40888844056930373,0.8327727401853463,0.6855027080207896,0.4039779747998426,0.6577878196450706,0.7762698876898838,0.4757684330986877,0.7100737845989026,0.7650116771283977,0.7359294873191294,0.6507706753245533,0.8428822146941453,0.5147891496538848,0.6054122382064717,0.6495429131636684,0.5801565240603138,0.5324288149898069,0.44690992027080007,0.5176746558877486,0.4166651857702965,0.2634437082193206,0.7314092871410625,3
39,0.5823228312593565,1.0,0.3641305653755494,0.873639048497629,0.14048125643697706,0.29340273408149037,0.16327336716987784,0.5792128092910487,0.4567765822198338,0.9119746921730575,0.5644344852127559,0.9879842013808606,0.633753022131361,0.8948249980773031,0.4122750117010839,0.4185680280032458,0.307893991854732,0.5337861330706266,0.2476023899200589,0.7142294859175112,0.4354478259299244,0.9836308139748153,0.3666992154817523,0.9936029232685727,0.47251303811026923,0.4964349933359202,0.47958884506242816,0.2538526844846439,0.370783045531715,0.378763563092904,0.315066769489821,0.6855936089296139,3
40,0.858470045555229,0.6671525050453214,0.7554230948416386,0.819012204267214,0.6584241899911698,0.9004425939742555,0.6337923424197063,0.6282878589243063,0.9283507486854042,0.5466825154091296,0.8054877705981702,0.8644903076945983,0.46985882649572497,0.8557519337198015,0.7521900485070431,0.6316247625006061,1.0,0.6024923340592594,0.702335390213726,0.9397216679668513,0.5482644265355571,0.8735383945843495,0.8450310064560043,0.5894259362551829,0.9464911440136042,0.6863095745606117,0.65083177902383,0.8431132354733293,0.6096523767708585,0.7981593953111549,0.7616887774755524,0.6335484362543524,3
41,0.7614608605599525,0.641146324802786,0.4525382430605427,0.4900609140932822,0.927355731675457,0.9413944319150207,0.7420099024639114,0.5221477577966888,0.46134462239345336,0.7182831752911416,0.8662445913184144,0.6547651489518017,0.4269141681396506,0.5129802715622164,0.7369265015514986,1.0,0.713031052417273,0.5041331176082687,0.6091792999493834,0.7977849135715018,0.7545906028098701,0.5706059546066801,0.31276518308890977,0.605711156288299,0.9480816750978523,0.9082914862951241,0.7790949339253691,0.44991145441611613,0.4867603756146762,0.7862010235504205,0.8508833855178596,0.5730483773189929,3
42,0.901048467473898,0.398919913084904,0.3786841789708273,0.46924721046875467,0.04415969801620026,0.4405750948781679,0.27534322719698257,0.709608883558002,0.5665231107553889,0.9818255007494157,0.29198854715442357,0.6281564882549209,0.8953904945137685,0.7501654122546438,0.4162539227641862,0.476873024974073,0.42189257444537603,0.587355193951348,0.6809711434757615,0.2862880007330152,0.9131558388098129,0.6198654947079292,0.6366333483041519,0.527376866594002,0.3234072916789554,0.4441734080817227,0.29621179873722003,0.3167723064596335,0.4176943127665211,0.5462333971184076,0.5653677778556193,0.02057117189079512,3
43,0.4751787673811142,0.6480624589837206,0.4744460432811508,0.8230329284673207,0.2655555677916324,0.7213811290397584,0.8086627704712542,0.49763104198485636,0.43407778269668945,0.7666698455159553,0.3436143236952787,0.37923083237764355,0.5117460603156339,0.45369293733546934,0.22641776183176776,0.851433421000636,0.902964057032942,0.6807291199890463,0.9661926590803034,0.8743475842341843,1.0,0.893995689309945,0.6996847108663655,0.9628052096540586,0.8816535786767123,0.44679479900123653,0.7775232579083047,0.40445474359008265,0.7313786692602255,0.11393032334283874,0.5457489559620909,0.5405317944987144,3
44,0.5768928890240645,0.8665301636134792,0.20451344847871772,0.436114225853434,0.60749092051318,0.6524151630037448,0.0850564670535677,0.3944110549164787,0.8907549891369447,0.21563959757021045,0.459614301481707,0.792711934109956,0.44615429552221086,0.6072734828034322,0.4289483189346004,0.31240039794498126,0.8352840177629501,0.3635918894840419,0.33009501483251935,0.43887727148331945,1.0,0.40345973508314714,0.24022912383277725,0.576721825158558,0.6700338469294222,0.7178907865065812,0.2588818608945503,0.4139146547382132,0.34518977137432705,0.8094601054772567,0.24956172730761458,0.36038154908810605,3
45,0.8039064454227604,0.6667110185017154,0.5465107975645812,0.4799418226422018,0.7288838122705068,0.626435499474715,0.33891992187047054,0.4505295541729891,0.3219011800817539,0.5442875819840904,0.22376671895680061,0.3566888604129557,0.18251454591633623,0.2360923450386164,0.24610699456670918,0.643288524443648,0.5763326432211635,0.3850495746991785,0.45560115542535656,0.654470221044758,0.7483943313979271,0.5316174385058458,0.6727795691777145,0.5976832755501513,1.0,0.8357664739788538,0.54101717711403,0.544148532208635,0.5009608341298002,0.5664691659858011,0.24530463503994948,0.14752525223017376,3
46,1.0,0.5761912478833601,0.16658771391409988,0.39880353903778254,0.4230514572643432,0.6487623265030127,0.4950895521403376,0.525861097506535,0.16940702451225048,0.033501662678612244,0.1776723209996054,0.19062811206764624,0.21445778449326336,0.30129563069455995,0.4845843263462005,0.34980459331022995,0.4772792582367711,0.23900973873443093,0.39668512118186866,0.8499664668934545,0.591719333008778,0.335539406523957,0.2814884823105743,0.33813659814802083,0.7432583470322177,0.7519250901732897,0.7936921679688993,0.13419098696848566,0.12542998798837526,0.2580934330623599,0.16341233287390342,0.12398446783858462,3
47,0.7321435439805131,0.1421603924333824,0.49565521404253615,0.5666561105581437,0.4219541560272377,0.7531905590055403,0.6902932536088413,0.5276919824893199,0.5616709471015546,0.36431095431846033,0.0763578129539627,0.1008278433742068,0.38025083796143844,0.5505517697035014,0.5552455379633133,0.9728182391691493,0.7081002987984363,0.7076222901166129,1.0,0.5177676873979664,0.6035696927799876,0.3399255199685646,0.1656342522300316,0.2853764265211818,0.2880305699740704,0.6066720764092602,0.8599266573750127,0.5514406661675911,0.7192970532463138,0.7319898242719678,0.26273946342543664,0.45229003567399806,3
48,0.7603299915438774,0.8097819507675736,0.8289133232248908,0.8860426759339705,0.7380483201553888,1.0,0.7987273982739181,0.8847779797537609,0.9342188253569386,0.7732156133722609,0.7294818514820296,0.7811107528547241,0.6222010084531079,0.5503705447834402,0.7114797977662732,0.4577264335703386,0.6987021112256703,0.6697472301002604,0.6197036004578054,0.6267826725461959,0.6917345410461675,0.589507573500782,0.6716386375731754,0.43352779164576705,0.6056651710625153,0.332430389133191,0.3619649237563881,0.33557839218770547,0.1443448101041014,0.11929863023579972,0.1782083056745426,0.10519110394522059,3
